Tool Name,Company / Brand,Target Persona (Advised Category),The Bleeding Neck Problem,Core Logic / Function,Output (Shareable Artifact),Chat generating tool
The Premium Finance Gap Calculator,DAC & Bank Breezy,Commercial Insurance Agents,"Losing policy renewals because clients cannot afford the 20-30% premium down payment. 1, 2",Calculates (Total Premium * Down Payment %) - Available Cash to find the exact financing gap. 1,Policy-Bound Checklist & Funding Quote (PDF) 1,
The Urgent Tax Advance Estimator,DAC & Bank Breezy,Tax Preparers / Gig Workers,"Clients owe IRS, risk penalties, and lack the liquid cash to pay. 3, 4",Advance = Avg Rev * 0.5 to 1.5; Penalty Savings = Est. Tax * 0.005 * Months Past Due. 3,IRS Protection Advance Estimate (Summary) 3,
"The Gig Income Funding Predictor (""Giggle Finance"")",DAC & Bank Breezy,Gig Economy Workers,"Need instant funding predictions based on app revenue without hard credit pulls. 5, 6","Avg Weekly Earnings * 4, modified by a seniority factor (e.g., *1.2 for 2+ years). 5",Back on the Road Funding Score 5,
The NECA Material Money Quoter,DAC & Bank Breezy,Trade Contractors,"Winning a contract but lacking the upfront cash flow to buy materials before the first draw. 7, 8",Advance = Estimated Material Cost (capped at 25% of total job value or $50k). 7,Project Material Finance Bridge Quote (PDF) 7,
"The ""Turndown Retrieval"" Script Generator",DAC & Bank Breezy,Bank Loan Officers,"Bank officers are throwing away rejected leads and losing out on commissions. 9, 10","Inserts agent and bank branch names into a dynamic ""50/50 commission split"" pitch script. 9",Turndown Retrieval Script (Copy-Paste Text) 9,
The Blue Collar Banker Lead Qualifier,DAC & Bank Breezy,Funding Agents,Agents wasting time pitching non-fundable leads. 11,"Deducts points from 100% for each missed underwriting minimum (Revenue, FICO, Time in Business). 11",Fundability Scorecard (Image) 11,
The Daily Commission Projection Dashboard,DAC & Bank Breezy,New Affiliate Recruits,"Need immediate, motivational calculations of daily earning potential. 12",Target Goal / Avg Commission = Deals Needed; Deals * 5 = Required Weekly Leads. 12,Daily Paycheck Goal Tracker (Dashboard) 12,
The Auto-Repair Emergency Advance Tool,DAC & Bank Breezy,Rideshare / Delivery Drivers,"Car breaks down, and no cash for repairs means no ability to earn income. 13, 14","Funds up to 100% of the repair estimate, capped at $5,000 based on ride history. 13",Emergency Repair Funding Auth (SMS Link) 13,
The Merchant Cash Advance (MCA) Repayment Estimator,DAC & Bank Breezy,Retail / Restaurants,Uncertainty about how daily MCA deductions will impact operating cash flow. 15,Total Repayment = Advance * Factor Rate; Daily Payment = Total Repayment / 90. 15,Daily Cash Flow Impact Report (Table) 15,
"The Competitor ""Meet or Beat"" Submitter",DAC & Bank Breezy,Skeptical Business Owners,"Skepticism about rates and predatory terms from other lenders. 16, 17","Captures competitor offer and verifies qualification for the $500 ""Beat It"" guarantee. 16",Risk-Free Guarantee Certificate 16,
The Referral Commission Payout Estimator,DAC & Bank Breezy,Partner Agents,Affiliates want transparent expectations on exact commission payouts. 18,Client Funding Amount * Base Rate (Adjusted by New/Bronze/Silver tier). 18,Daily Commission Snapshot (Chart) 18,
The Buy-Here-Pay-Here Down Payment Bridge,DAC & Bank Breezy,Auto Dealerships,"Customer is short on a vehicle down payment, killing the car sale. 19","Vehicle Down Payment Required - Customer Cash Available (Capped at $1,500). 19",Vehicle Deposit Authorization (Voucher) 19,
The Trade Association Profit-Split Calculator,DAC & Bank Breezy,Trade Associations,"Associations need non-dues revenue streams. 20, 21",Members * 5% Funding Rate * Avg Amount * 1% Override = Annual Revenue. 20,Association Revenue Projection Dashboard 20,
The Credit Score vs. Cash Flow Analyzer,DAC & Bank Breezy,Sub-Prime Micro-Businesses,Feeling penalized by traditional banks for low FICO scores despite strong revenue. 22,Compares FICO (<600 = Bank Fail) against Monthly Deposits (>$5k = Breezy Pass). 22,Bankability Shift Report (Image) 22,
The Cold Lead Monetization Calculator,DAC & Bank Breezy,Equipment Leasing Agents,Throwing away rejected lease applications instead of monetizing them. 23,Rejected Leads * 15% Conversion * Avg Amount * 3% Comm * Split. 23,Lost Commission Recovery Report 23,
The Payroll Bridge Funding Quoter,DAC & Bank Breezy,Service Businesses,"Client Net-30 payments are delayed, and Friday payroll must be met. 24",Recommends an advance equal to Total Weekly Payroll * 2 (up to $100k). 24,Weekly Payroll Liquidity Plan 24,
The Trucker Repair-to-Revenue Tracker,DAC & Bank Breezy,Independent Truckers,"Expensive truck repairs halt cash flow, causing panic. 25",Calculates Days to Recover = Repair Cost / (Avg Weekly Revenue / 7). 25,Repair ROI Timeline (Chart) 25,
The Passive Income Network Builder,DAC & Bank Breezy,"""Networker Nate"" Persona",Needs to see the exponential power of recruiting sub-agents to build downlines. 26,(Recruits * 4) * Avg T1 Commission * 0.5% override = Tier 2/3 Est. 26,3-Tier Override Projection (Table) 26,
"The ""Bank Firing"" Risk Score",DAC & Bank Breezy,Established Business Owners,Risk of rejection due to tightening Tier-1 banking standards. 27,Deducts points from 100 for <$250k Rev or <700 FICO. Score <50 = 85% Rejection Risk. 27,Traditional Bank Risk Score 27,
The Equipment Leasing Deposit Calculator,DAC & Bank Breezy,Leasing Brokers,Customers cannot afford the initial large security deposit for equipment leases. 28,"Advance = Required Lease Deposit/Payment (capped at $25,000). 28",Equipment Lease Deposit Bridge Quote 28,
The Same-Day vs. 60-Day Cost Analyzer,DAC & Bank Breezy,Cost-Conscious Owners,"Waiting 60 days for a cheap bank loan costs more in lost revenue than a fast, expensive loan. 29",Average Daily Revenue * Days Lost Waiting for Bank = Revenue Lost. 29,Opportunity Cost Report 29,
The Tax Prep Fee Advance Solution,DAC & Bank Breezy,Independent Enrolled Agents,Clients need cash for their IRS tax bill and the preparer's fee. 30,"Advances the Tax Preparation Fee (up to $2,500) directly to the preparer's account. 30",Tax Preparation Fee Guarantee (Voucher) 30,
"The ""Bad Credit, Good Business"" Certifier",DAC & Bank Breezy,Bad-Credit Entrepreneurs,Psychological discouragement from prior rejections. 31,"If Months of Positive Cash Flow > 6, it overrides FICO and outputs a ""Pass"". 31",Good Business Certificate (Image) 31,
The Service Industry Tip-to-Revenue Translator,DAC & Bank Breezy,Salons & Restaurants,Need to quantify credit card tips to prove steady revenue capacity to underwriters. 32,Repayment Capacity = (Daily CC Tip Rev + Daily CC Sale Rev) * 0.15. 32,Credit Card Tip Flow Analysis 32,
The NECA Endorsement Value Illustrator,DAC & Bank Breezy,Skeptical Contractors,Skepticism regarding alternative lender trust. 33,Outputs a high trust factor based on national trade association (NECA) backing. 33,Trust & Approval Rating (Gauge) 33,
The Competitor Rate-to-Factor Rate Translator,DAC & Bank Breezy,Comparison Shoppers,Confusion comparing traditional time-based APRs to fixed MCA Factor Rates. 34,"Translates Factor Rate (e.g., 1.18) to ""$1.18 paid for every $1.00 borrowed"". 34",Loan Terms Comparison Table 34,
Cash Flow Gap Bridge Calculator,GoKapital,B2B Service Providers,Finding the minimum MCA needed to cover immediate payroll/invoice gaps in under 60 seconds. 35,Cash Flow Gap Amount * 1.25 (Factor Buffer) = Needed MCA. 35,Emergency Funding Requirement (PDF) 35,
Fix-and-Flip ROI & Max Loan Estimator,GoKapital,Real Estate Investors,Hard money deal analysis to find max loan amount and potential ROI. 36,Max Loan = ARV * 0.75 LTV (Aligns with Hard Money limits). 36,Deal Profitability Scorecard (PDF) 36,
Startup Funding Eligibility Quiz,GoKapital,0-Month Startups,Brand new businesses (0 months) need pre-qualification without business history. 37,If FICO > 700 & Tradelines >= 5 -> Green Light (Startup Loan). Else -> Credit Incubator. 37,70-Second Eligibility Score 37,
"""Bank-Rejected"" Second Look Finder",GoKapital,"""Rejected Ray"" Persona",Identifying viable alternatives after a rigid traditional bank denial. 38,"Maps bank rejection reasons (e.g., Tax Lien, Time in Biz) to GoKapital's lenient products. 38",Second-Chance Funding Match (PDF) 38,
Real Estate Proof of Funds (POF) Generator,GoKapital,Real Estate Wholesalers,Need an instant Proof of Funds letter to submit aggressive real estate offers. 39,Generates a conditional pre-qualification up to 80% LTV of the input offer amount. 39,Conditional Pre-Qualification Letter 39,
SBA Denial Pivot Tool,GoKapital,Friction-Intolerant Founders,Cannot wait the 1-3 months required for SBA 7(a) loan approval. 40,"If time <30 days, pivots to MCA/Term. If >90 days, anchors to SBA with a Term alternative. 40",Fast Funding Alternatives Checklist 40,
Bad Credit Business Funding Match,GoKapital,Low-FICO Borrowers,Need to match a sub-prime profile to the lowest-barrier GoKapital product. 41,"Maps FICO: None->MCA, 500->Term Loan, 580->Equipment, 650->Hard Money. 41",My Best Funding Options Dashboard 41,
Equipment Payment Estimator,GoKapital,Heavy Industry / Trucking,Need to estimate monthly costs for financing business equipment with bad credit. 42,Applies 6% to 35% cost range based on low-FICO (580+) equipment financing rates. 42,Equipment Financing Estimate (Quote) 42,
Lender-Readiness Score,GoKapital,High-Churn Affiliates' Leads,Assessing profiles against full criteria to create a 60-day action plan for unbankable leads. 43,"Assigns 0-100 score and specific gap tasks (e.g., ""Get 2 More Tradelines""). 43",Your 60-Day Funding Action Plan 43,
Competitor Rejection Analyzer,GoKapital,Disgruntled Competitor Leads,"Rejected by algorithm-only competitors (e.g., OnDeck, BlueVine). 44",Maps competitor's rigid algorithm constraints to GoKapital's flexible human brokerage. 44,Your GoKapital Backdoor Pass (Guide) 44,
Invoice-to-Cash Flow Gap Analyzer,GoKapital,Trade Contractors,Need to calculate exact cash runway before a late client payment destroys them. 45,Cash Runway = (Cash on Hand / Monthly Expenses) * 30. Triggers alert if Runway < Payment Days. 45,Your Cash Runway & Survival Score 45,
"Gig Worker ""Back on the Road"" Calculator",GoKapital,Rideshare Drivers,Vehicle is in the shop; daily lost income exceeds the cost of financing the repair. 46,Lost Income = Daily Earnings * Days Out. Compares to Repair Cost to justify emergency funding. 46,Your Daily Lost Income Counter (Widget) 46,
Tax Payment Advance Estimator,GoKapital,Schedule C Filers,Need quarterly tax funding to avoid IRS installment plan penalties. 47,Estimated Tax Owed = (Gross - Expenses) * Est. Tax Rate. Compares loan cost vs IRS penalty. 47,IRS Payment Plan vs. Advance Comparison 47,
Material Cost Inflation Tracker,GoKapital,Construction Contractors,Material prices surged since the bid; need to cover the budget gap. 48,"Applies indexed inflation rates (e.g., copper +12%) to original budget to display ""Funding Gap"". 48",Your Material Budget Gap Dashboard 48,
"Premium Finance ""Double Commission"" Calc",GoKapital,Insurance Agents,Agents losing renewals to cash flow want to see how funding clients makes them more money. 49,(Clients Lost * Premium * Comm Rate) + Funding Commission = New Revenue. 49,Your Revenue Retention Opportunity Report 49,
"""Meet or Beat"" Rate Comparison Tool",GoKapital,Skeptical Borrowers,Want to verify GoKapital's $500 guarantee against a current MCA offer. 50,"Standardizes input factor rates/APRs. If GoKapital beats by 5%+, qualifies for guarantee. 50",$500 Guarantee Qualification Letter 50,
Equipment ROI & Payment Calculator,GoKapital,Business Operators,Checking if new equipment revenue outpaces the monthly financing payment. 51,"If Expected Additional Monthly Revenue > Estimated Payment + 20%, outputs Green Light. 51",Equipment Investment Profitability Forecast 51,
"Restaurant ""Walk-In Emergency"" Tool",GoKapital,Restaurant Owners,"Critical kitchen equipment (walk-in fridge) fails, causing daily spoilage/lost sales. 52","Urgency Score = Daily Revenue Lost * 7 days. If > Replacement Cost, triggers emergency path. 52",Emergency Equipment Replacement Estimate 52,
Payroll Gap Bridge Estimator,GoKapital,Service Businesses,Need exact funding required to hit Friday payroll while waiting on receivables. 53,Total Payroll Amount - Current Cash Available = Funding Needed. Suggests Term/MCA. 53,Friday Payroll Protection Plan (PDF) 53,
Embedded Finance Widget,GoKapital,CPAs & Auto Dealers,Partners need a white-label pre-qualification tool embedded on their own websites. 54,Collects Revenue/Need/Contact and routes directly to GoKapital CRM with partner tracking. 54,Embeddable White-Label Widget 54,
"Wholesaler/Real Estate ""Deal Analyzer"" Pro",GoKapital,Real Estate Wholesalers,Needs to run full deal math AND generate a proof of funds instantly. 55,"(ARV * 0.75) - Rehab. If margin >15%, auto-generates conditional POF letter for property. 55",Deal Package with Pre-Qualification Letter 55,
"""Turndown Retrieval"" Lead Magnet Template",GoKapital,Bank Loan Officers,Need a ready-made asset to hand to rejected applicants to salvage the lead. 56,Pre-written explanations of bank denials combined with partner's custom referral link. 56,Co-Branded Alternative Funding PDF 56,
"""Daily Pay Commission"" Calculator",GoKapital,New Affiliate Recruits,Want to compare GoKapital's daily payouts against traditional Net-30 affiliate programs. 57,(Weekly Deals * Deal Size * Commission) / 5 days = Daily Income. 57,Your Daily Income Simulator 57,
Supply House Partnership Landing Page,GoKapital,B2B Agents,Agents need a digital asset to pitch supply houses on offering contractor financing. 58,"Pre-built ""Help Your Customers Buy More"" HTML form to capture supply house contacts. 58",Customizable Static HTML Page 58,
"""Credit Incubator"" Roadmap Generator",GoKapital,"""Declined Danny"" Persona",Needs a 60-90 day rehabilitation plan after being rejected for all standard funding. 59,"Identifies specific gaps (e.g., need 3 more months in biz, 2 more tradelines) and builds step plan. 59",Your Path to Funding Approval PDF 59,
"The ""Stockout Death Spiral"" Estimator",8fig,Amazon FBA Sellers,Underestimating the true cost of stocking out (lost sales + lost SEO ranking). 60,(Daily Rev * Days Out) + Estimated Re-Ranking Ad Spend + CLV Loss. 60,"""Damage Report"" PDF 60",
The Equity-Saver Shield (VC vs. 8fig),8fig,High-Growth Founders,"Thinking VC money is ""free"" without realizing the millions lost in equity dilution at exit. 61",(Exit Value * Equity %) - (8fig Cost of Capital) = Total Savings. 61,Founder Ownership Dashboard 61,
"The ""Boat-to-Bank"" Gap Analyzer",8fig,Importers / FBA Sellers,"Cash is ""dead"" and inaccessible while inventory is trapped on cargo ships. 62","Maps the ""Dead Zone"" days between factory ""Cash Out"" and Amazon ""First Dollar In"". 62",Cash Gap Timeline Infographic 62,
"The MCA ""Shark"" Auditor",8fig,E-commerce Operators,"Merchant Cash Advances hide their triple-digit APRs behind opaque ""Factor Rates"". 63",Converts Factor Rate and Daily Holdback % into an effective annualized APR. 63,Audit Certificate 63,
"The ""Viral Hit"" Stress Test",8fig,TikTok/Shopify Brands,"A viral video spikes demand 5x, leading to an immediate stockout and brand death. 64",Stock / (Monthly Units * 5). Fails stress test if result < Supplier Lead Time. 64,Supply Chain Fragility Score 64,
"The ""Asset-Light"" ROI Multiplier",8fig,E-commerce Scalers,Unsure whether to allocate capital to inventory replenishment or Facebook Ads. 65,Compares the compounding ROI of flipping inventory against one-time ad attribution. 65,Capital Allocation Map 65,
"The ""Amazon Payout"" Bridge Predictor",8fig,High-Velocity Sellers,Amazon's 14-day payout hold kills the ability to pay the next manufacturing deposit. 66,Calculates the gap between Amazon's disbursement schedule and the factory's PO due date. 66,Payout Bridge Checklist 66,
"The Q4 ""War-Room"" PO Planner",8fig,Q4 Sprinters,"Ordering inventory too late for major events (Black Friday, Chinese New Year). 67",Back-calculates the exact date a PO must be funded to land 14 days before the sales event. 67,Q4 Logistics Calendar (.ics/PDF) 67,
"The ""Ghost Revenue"" Interceptor",8fig,Inventory Managers,Blindness to the massive invisible revenue lost from historical stockouts. 68,Days Out of Stock * Avg Daily Sales = Ghost Revenue. 68,Ghost Revenue Report 68,
"The ""Landed Cost"" Profit Leak Finder",8fig,Margin-Squeezed Sellers,"Ignoring hidden logistics costs (storage, shipping spikes) resulting in false profit views. 68",Revenue - (Factory Price + Shipping + Storage + Ad CPA) = Net Net Margin. 68,Profit Leakage Checklist 68,
"The ""Exit Value"" Accelerator",8fig,Founders looking to sell,Business valuation/EBITDA is suppressed because of historical stockout periods. 69,(New EBITDA * Multiple) - Current Valuation = Valuation Increase. 69,Exit Strategy Road Map 69,
"The ""Air Freight"" Panic Button",8fig,Logistics Managers,Deciding if 5x air freight costs are worth it to avoid a 45-day sea freight stockout. 70,"If (Profit * Days Saved) > (Air Cost - Sea Cost), recommendation is to fly it. 70",Logistics Triage Card 70,
"The ""Big Box"" Trap Simulator (Net-90)",8fig,Wholesale Brands,Landing a huge retail PO but going bankrupt fulfilling it due to Net-90 payment terms. 71,"Plots Cash Balance over 90 days. If the line crosses zero, seller dies before getting paid. 71",Wholesale Readiness Scorecard 71,
"The ""Zombie SKU"" Hunter",8fig,E-commerce Operators,80% of operating cash is tied up in 20% of dead inventory that refuses to sell. 72,"Marks SKU as ""Zombie"" if supply >6 months and margin contribution <10%. 72",Dead Stock Hitlist 72,
"The ""Ad Cost"" Inflation Forecaster",8fig,Q4 Advertisers,"Budgeting based on summer CPA, leading to cash burnout when Q4 CPMs spike. 73","Applies a ""Q4 Multiplier"" (e.g., 1.4x) to ad costs, showing when profit turns to loss. 73",Q4 Margin Stress Test Graph 73,
"The ""Golden Quarter"" Bonus Calculator",8fig,Bootstrapped Founders,Founders pay themselves last and want to visualize their personal take-home pay potential. 74,Revenue * Net Margin * (1 - Reinvest %) = Personal Founder Bonus. 74,Founder's Check (Mock Graphic) 74,
"The ""Supplier Bully"" Power Meter",8fig,Small Brands,Overseas factories dictate harsh terms (30% deposit upfront) because the seller is small. 75,"Compares volume to benchmarks. If >$500k, seller has leverage to demand Net-30 terms. 75",Supplier Negotiation Script (PDF) 75,
"The ""Discount"" Death Spiral Check",8fig,Desperate Sellers,"Running deep discount sales for cash flow, unknowingly destroying unit economics. 76",Standard break-even analysis calculating the massive volume increase needed to maintain profit. 76,Discount Danger Gauge 76,
"The Amazon ""Fees & Fines"" Auditor",8fig,FBA Sellers,FBA storage and low-inventory fees silently eating margins before payouts hit. 77,Applies current Amazon rate cards to dimensions/storage days to reveal real FBA take-rate. 77,Bezos Tax Receipt 77,
"The ""Subscription Box"" Churn Burner",8fig,Subscription Brands,Ordering physical goods before renewals process; high churn results in dead stock. 78,(Subscribers * (1 - Churn)) * Cost. Calculates cash wasted against churn volatility. 78,Subscription Risk Profile 78,
"The ""Influencer"" Break-Even Calculator",8fig,DTC Brand Owners,Paying influencers upfront without knowing the actual product volume needed to break even. 78,Fee / Margin = Units to Break Even; Units / Conv Rate = Traffic Needed. 78,Influencer ROI Contract 78,
"The ""3PL"" Switching Cost Calculator",8fig,Logistics Managers,Hating current 3PL but paralyzed by the massive one-time cost of moving pallets of stock. 79,Move Cost / ((Current Fee - New Fee) * Monthly Vol) = Months to Break Even. 79,Logistics Migration Plan 79,
The DD+7 Impact Calculator,Payability,Amazon Sellers,Amazon's DD+7 policy change permanently locks up a massive portion of working capital. 80,(New DD+7 Cycle - Current Payout Cycle) * Average Daily Sales = Cash Loss. 80,Liquidity Loss Report (PDF) 80,
The Inventory Turnover Accelerator,Payability,Velocity Traders,Reluctance to pay a 2% advance fee because they don't see the velocity ROI. 81,"Calculates Turns Lost waiting 14 days, then applies a 30% velocity multiplier for daily payouts. 81",Inventory ROI Projection (Chart) 81,
"The ""Fee Nullifier"" Cash Back Calculator",Payability,Fee-Averse Sellers,Objection to advance fees masking the offsetting value of 2% cash back cards. 82,Gross Fee (Advance * 2%) - Cash Back (Advance * Reinvest % * 2%) = Net Cost. 82,Net Cost of Capital Report (Table) 82,
TikTok Shop Viral Curse Predictor,Payability,TikTok Shop Sellers,TikTok holds funds for 15-30 days; viral sales cause stockouts and late dispatch suspensions. 83,"Current Cash / (Units Sold * Supplier Cost). If < 1.0, triggers ""Critical"" suspension risk. 83",LDR Risk Assessment Score 83,
Account Level Reserve Hostage Calculator,Payability,Confused New Sellers,"Visceral anger at earned money being held hostage in the abstract ""Account Level Reserve"". 84",Reserve Balance * Avg Net Profit Margin * 1 extra turn/mo = Missed Profit. 84,Trapped Capital Opportunity Cost (Image) 84,
The CPA/Bookkeeper Fee Integration Tool,Payability,Accounting Partners,CPAs hate chasing clients for invoices who are waiting on Amazon payouts. 85,Uses the Average Client Invoicing Delay to output an integration checklist to guarantee CPA fees. 85,Seamless Vendor Payment Checklist 85,
The Supply Chain Hostage Release Timer,Payability,Import Sellers,Missing a supplier wire deadline causes a catastrophic Q4 stockout. 86,Out of Stock Units * (Days Since OOS * Avg Daily Unit Sales) = Missed Sales Revenue. 86,Stockout Risk Report (PDF) 86,
The FBA Prep Center Payout Predictor,Payability,3PL / Prep Centers,Prep centers suffering cash flow delays because their seller clients are cash-poor. 87,Guarantees prep center invoice payment within 24 hours of Payability funding the seller. 87,Guaranteed Payout Flowchart 87,
"The ""Black Box"" Amazon Lending Score",Payability,High-Volume Sellers,"Amazon Lending is a black box, invite-only, and vanishes when sales dip. 88","If no active invite, status is ""LOCKED"", positioning Payability as the immediate alternative. 88",Lending Access Audit (Scorecard) 88,
The Cost of Waiting vs. Cost of Fee Analyzer,Payability,Rational Sellers,Rationalizing the cost of borrowing capital against the opportunity cost of waiting. 89,"Compares Margin vs 2% Fee. If Margin > Fee, nets a win by allowing 14 extra days of sales. 89",The Winning Math Report 89,
The Wholesale Distributor Payout Gap Closer,Payability,Wholesale Distributors,Distributors forced to buy less profitable items because their cash is constrained. 90,Total Purchase Volume * (Desired Stock Margin - Constrained Stock Margin) = Profit Gap. 90,Distributor Profit Gap Analysis 90,
The Multi-Channel Expansion Forecaster,Payability,Single-Channel Sellers,Missing revenue by not expanding to Walmart/Shopify due to lack of setup capital. 91,Amazon Monthly Rev * 12 * Assumed Lift % = Missed Annual Revenue from not expanding. 91,Missed Channel Revenue Projection 91,
The Seasonal Stock-Up Stress Reliever,Payability,Q4 Inventory Buyers,Panic about not ordering enough holiday inventory fast enough due to lead times. 92,(Daily Sales * Peak Multiplier * Lead Time) - Current Stock mapped to a funding timeline. 92,Seasonal Inventory Funding Timeline 92,
The Freight Forwarder Funding Guarantee,Payability,Freight Forwarders,Forwarders facing massive payment risk on shipping/duties invoices from cash-poor sellers. 93,"Assures forwarder that client cash is released 14-28 days faster, eliminating invoice risk. 93",Seller Payment Reliability Score 93,
The Q4 Profit Erosion Forecaster,Payability,Desperate Q4 Sellers,Taking high-interest emergency MCAs during peak season erodes all net profit. 94,Total Q4 Inventory Needed * Interest Rate of Alternative Loan = Avoided Interest Cost. 94,Q4 Margin Protector Audit 94,
The Customer Review Velocity Builder,Payability,Private Label Sellers,"Slow cash limits launch inventory, delaying customer reviews and organic ranking. 95",Days Saved * Avg Daily Sales * Review Conversion Rate = Extra Reviews Gained. 95,Review Velocity Acceleration Model 95,
"The ""Bezos Interest"" Calculator",Onramp Funds,Arbitrage Sellers,Visualizes the opportunity cost of Amazon holding seller funds for 14 days. 96,Payout * (ROI% / 100) * (26 periods / 12). Calculates profit generated if reinvested instantly. 97,The Lost Profit Receipt 97,
"The Stockout ""Bleed"" Auditor",Onramp Funds,"""Stockout Steve"" Persona",Quantifies the dollar damage of waiting for a wire transfer while out of stock. 98,(Daily Sales * Profit * Days) + a 1.5x penalty for lost BSR ranking recovery costs. 98,The Hemorrhage Report 98,
"The ""Velocity Multiplier"" Simulator",Onramp Funds,Scale-Minded Sellers,Need to see the exponential math of flipping inventory 4x a month instead of 1x. 99,Models compound capital growth over 90 days at 30-day (standard) vs 7-day (OnRamp) intervals. 99,The J-Curve Graph 99,
"The ""DD+7"" Reality Calendar",Onramp Funds,All Amazon Sellers,"Confusion around Amazon's shift to a ""Delivery Date + 7 Days"" reserve policy. 100",Amazon Date (Ship + Delivery + 7 + 3) vs OnRamp Date (Ship + 0). Highlights the Danger Zone. 100,The Cash Gap Calendar 100,
"The Prep Center ""Shock"" Audit (2026)",Onramp Funds,High-Volume Resellers,"Amazon ending FBA prep means 3PLs demand upfront cash, gridlocking supply chains. 101",Monthly Units * Prep Fee = Upfront Cash Requirement needed before Amazon pays out. 101,The Liquidity Trap Warning (PDF) 101,
"The Wholesale ""Deal Sniper"" Analyzer",Onramp Funds,Clearance Hunters,Staring at a limited-time 40% off clearance lot and needing a go/no-go funding decision. 102,"If (Projected Profit - Advance Fee) / Deal Cost > 10%, outputs ""SNIPE IT"". 102",The Green Light Card 102,
"The ""Unbankable"" Fundability Quiz",Onramp Funds,Minority/Arbitrage Sellers,Rejected by DTC-brand-only lenders (like Wayflyer) because they sell arbitrage goods. 103,"If Rev > $3k and Platform = Amazon, issues instant approval based on store data, not FICO. 103",The 'Credit-Agnostic' Certificate 103,
"The Q4 ""Load Up"" Capacity Calculator",Onramp Funds,Q4 Sprinters,Limited cash limits the volume of inventory a seller can front-load for Q4. 104,Simulates 3-4 funding/restock cycles within the short Q4 window to show maximum capacity. 104,The Inventory Mountain (Visual) 104,
"The ""Deferred Transaction"" Unlocker",Onramp Funds,Frustrated Sellers,"Anger over Amazon labeling earned cash as ""Deferred Transactions"" in Seller Central. 105",Dashboard Balance * 0.80 = Instantly Unlockable Amount within 4 hours. 105,The Unlock Key (Animation) 105,
"The ""Zombie Inventory"" Detector",Onramp Funds,Inventory Managers,Aged inventory storage surcharges eating away at margins. 106,Compares long-term holding cost against liquidating and reinvesting via OnRamp. 106,The Dead Stock Report 106,
"The ""Payroll Panic"" Countdown Timer",ROKFI,Subcontractors,"Waiting on Net-60 GC check while Friday payroll approaches, risking crew walk-off. 107, 108",Current Balance / (Payroll * 1.18 / 5) = Days to Zero. Alerts if < Payment Date. 108,Survival Dashboard PDF 108,
"The ""Bid Protector"" Inflation Adjuster",ROKFI,Construction Estimators,Bidding jobs 3 months out while volatile material prices (copper/PVC) eat margins. 109,Material Cost * (Inflation Factor * Duration). Outputs a Risk Buffer to add to the bid. 109,Safe Bid Certificate 109,
"The ""Net-90"" Opportunity Cost Calculator",ROKFI,Trades & Agencies,Thinking saving a 2% funding fee is better than getting cash early to bid new jobs. 110,Annualized Cost of Waiting = (Potential Jobs Missed * Avg Profit) / Invoice Amount. 110,Lost Profit Report 110,
"The ""Repair vs. Replace"" ROI Engine",ROKFI,Owner-Operator Truckers,Semi-truck engine blows; emotional decision between a $25k rebuild or an $80k new truck. 111,Calculates Cash Flow Difference between the Repair Path and Replace Path over 12 months. 111,Financial Roadmap Chart 111,
"The ""Spot Market"" Breakeven Calculator",ROKFI,Freight Logistics,"Spot rates drop, truckers unsure of minimum Rate Per Mile (RPM) to cover insurance/fuel. 112",Fixed CPM + Variable CPM + (Desired Profit / Miles) = Minimum Acceptable Target Rate. 112,Minimum Acceptable Rate Card 112,
"The ""Deal Killer"" Hard Money Analyzer",ROKFI,Fix & Flip Investors,Need to know instantly if 12% hard money interest kills a distressed property deal. 113,"Profit = ARV - (Loan + Interest + 3% Closing). If Profit > 15% ARV, Green Light. 113",Deal Scorecard 113,
"The ""Am I Bankable?"" Probability Score",ROKFI,Small Business Owners,Terrified of rejection and hard credit inquiries ruining their score. 114,"Assigns 0-100 score filtering for Revenue >$15k, FICO >600, Time >1Yr. Routes to specific tiers. 114",Funding Readiness Report 114,
"The Section 179 ""Tax Slash"" Calculator",ROKFI,Profitable Businesses,Hesitating on Q4 equipment purchases to reduce taxable income. 115,Equipment Cost * Tax Bracket (assuming 100% depreciation) = Tax Savings / Net Cost. 115,Tax Savings PDF (for CPA) 115,
"The ""Burn Rate"" Runway Extender",ROKFI,Startups,"Burning cash fast and needing to know the exact ""Death Date"" before missing payroll. 116",Current Cash / (Monthly Expenses - Monthly Revenue) = Months of Runway Left. 116,Death Date Calendar Invite 116,
"The ""Bad Debt"" Consolidator",ROKFI,Drowning Merchants,Crushed by daily deductions from multiple existing Merchant Cash Advances. 117,Compares current daily burn (Payments * 22) against a new 24-month consolidation term. 117,Cash Flow Liberation Chart 117,
"The ""Equity Defender"" Simulator",Moonshine Capital,High-Growth Tech Founders,Ignorance to the pain of venture capital dilution until Series C ruins their exit payout. 118,Visualizes a side-by-side growth curve of VC equity bleed vs. a 0% equity-loss Moonshine route. 118,Animated Data Dashboard 118,
"The ""Bad Debt"" Detector (MCA Killer)",Moonshine Capital,Desperate Business Owners,"Predatory MCA lenders disguise 100%+ APRs as simple ""factor rates"" in PDFs. 119","OCR scans uploaded PDF offer, calculates the true APR, and flags ""DANGER"" or ""SAFE"". 119",True Cost Report 119,
"The ""Runway Extender"" Dashboard",Moonshine Capital,SaaS Founders,Fear of hitting zero cash; requires visual proof of how non-dilutive capital saves them. 120,"Connects to Plaid, analyzes burn rate, and visually pushes the ""Death Date"" out 6-12 months. 120",Interactive Plaid Dashboard 120,
"The ""Deal Memo"" Generator (AI Agent)",Moonshine Capital,Busy Founders,Hates writing extensive funding applications or executive summaries from scratch. 121,Conversational AI asks 5-6 questions and formats answers into a banker-ready summary. 121,PDF Deal Memo / Exec Summary 121,
"The ""Recession-Proof"" Stress Tester",Moonshine Capital,Complacent Operators,Unaware of how vulnerable their cash flow is to macroeconomic shocks. 122,AI scrapes user's URL and simulates 3 market crash scenarios tailored to their specific industry. 122,Personalized Risk Report 122,
"The ""Compliance & KYC"" Vault",Moonshine Capital,Disorganized Founders,"Deal fatigue caused by messy corporate documents (EINs, Articles, Voided Checks). 123","Users drop messy docs; system auto-verifies, renames, and packages them cleanly. 123",Funding Ready ZIP File 123,
"The ""Investor Data Room"" Template",Moonshine Capital,Fundraising Startups,"Need a professional, secure data room to send financials to investors instantly. 124","Generates a cloneable, password-protected Next.js template hosted on Vercel. 124",Private Link Data Room 124,
"The ""Link-in-Bio"" Finance Deck",Moonshine Capital,Modern Founders / Twitter,Standard PDF pitch decks look terrible and are unreadable on mobile devices. 125,"Form-to-site generator that builds a scrollable, mobile-optimized pitch page with a lock gate. 125",Mobile-First Pitch Page 125,
"The ""Fundability Score"" Widget",Moonshine Capital,Referral Partners (CPAs),B2B partners need a viral tool on their own site to capture leads for Moonshine. 125,User inputs monthly revenue; widget generates a speedometer showing instant accessible capital. 125,Embeddable Dashboard Widget 125,
"The ""Cost of Capital"" Comparator",Moonshine Capital,Educated Founders,Demands radical transparency when comparing Moonshine vs VC vs MCA. 126,Interactive table highlighting total payback amount and total equity lost across three routes. 126,Interactive Table Widget 126,
"The ""Funding Simulator""",Moonshine Capital,Data-Driven Operators,"Needs a gamified way to visualize avoiding bankruptcy by adding credit lines. 127, 128","Renders a ""Runway Chart"" crashing to zero; user toggles a $50k LOC to extend the green line. 128",Visual Runway Chart (Web App) 128,
"The ""Cash Command Center"" Dashboard",Moonshine Capital,Blind Operators,"Unaware of daily financial leaks, phantom subscriptions, and cash bleed. 129","Plaid-connected n8n AI agent analyzes 30-day history and sends a daily ""Savage Wake-Up Call"". 129",The Daily Pulse Dashboard 129,
"The ""Pitch Deck Roaster""",Moonshine Capital,Pre-Seed Founders,Terrified their pitch deck is boring or lacking critical financial metrics like CAC. 130,"OpenAI Vision scans slides as a ""Wall Street Wolf"" persona, giving specific, ruthless feedback. 130",Downloadable Roast Report & Score 130,
"The ""Amazon DD+7 Survival Calculator""",7 Figures Funding,Amazon Sellers,"Amazon's new DD+7 policy creates a 17-21 day cash flow gap that kills restocking. 131, 132",Analyzes Monthly Sales + Avg Shipping Time to output the exact capital Amazon holds hostage. 132,Liquidity Hemorrhage Report 132,
"The ""Bankability Scorecard""",7 Figures Funding,"""Unbankable"" 1099 CEOs","Banks auto-reject up to 92% of applications; users need an alternative ""Einstein Predictor"". 131, 132",6-question quiz calculates a surrogate FICO-SBSS score to bypass traditional gatekeepers. 132,The Einstein Predictor (Score) 132,
"The ""Mentorship ROI Accelerator""",7 Figures Funding,High-Ticket Coaches,"Coaches lose 30% of $10k mastermind sales because students lack upfront liquidity. 131, 132",Shows how 0% credit stacking lets students pay $200/mo while using $10k for ad-spend fuel. 132,Coaching Program ROI Table 132,